target_id,ligand_id,best_cavity,docking_score,score_unit,rank_within_tool,cavity_volume,center_x,center_y,center_z,size_x,size_y,size_z,contact_residues
PahP,benzo_a_pyrene,C4,-9.6,kcal/mol,1,122,70.247,70.738,58.738,19,19,19,"PHE:123:A,VAL:124:A,SER:242:A,SER:243:A,GLN:246:A,LEU:247:A,HIS:250:A,VAL:270:A,TYR:271:A,PRO:272:A,LYS:273:A,TYR:274:A,PHE:306:A,ASP:307:A"
PahP,fluoranthene,C4,-8.1,kcal/mol,2,122,70.247,70.738,58.738,18,18,18,"PHE:123:A,VAL:124:A,SER:242:A,SER:243:A,GLN:246:A,LEU:247:A,HIS:250:A,VAL:270:A,TYR:271:A,PRO:272:A,LYS:273:A,TYR:274:A,PHE:306:A"
PahP,pyrene,C4,-8.0,kcal/mol,3,122,70.247,70.738,58.738,18,18,18,"PHE:123:A,VAL:124:A,SER:242:A,SER:243:A,GLN:246:A,LEU:247:A,HIS:250:A,VAL:270:A,TYR:271:A,PRO:272:A,LYS:273:A,TYR:274:A,PHE:306:A"
PahP,phenanthrene,C4,-7.5,kcal/mol,4,122,70.247,70.738,58.738,18,18,18,"PHE:123:A,VAL:124:A,SER:242:A,SER:243:A,GLN:246:A,LEU:247:A,HIS:250:A,VAL:270:A,TYR:271:A,PRO:272:A,LYS:273:A,TYR:274:A,PHE:306:A"
PahP,anthracene,C4,-7.3,kcal/mol,5,122,70.247,70.738,58.738,18,18,18,"PHE:123:A,VAL:124:A,SER:242:A,SER:243:A,GLN:246:A,LEU:247:A,HIS:250:A,VAL:270:A,TYR:271:A,PRO:272:A,LYS:273:A,TYR:274:A,PHE:306:A"
PahP,naphthalene,C4,-6.0,kcal/mol,6,122,70.247,70.738,58.738,16,16,16,"PHE:123:A,VAL:124:A,SER:242:A,SER:243:A,GLN:246:A,LEU:247:A,HIS:250:A,VAL:270:A,TYR:271:A,PRO:272:A,LYS:273:A,TYR:274:A,PHE:306:A,ASP:307:A"
PahP,glucose_NEGCTRL,C4,-5.5,kcal/mol,7,122,70.247,70.738,58.738,17,17,17,"PHE:123:A,VAL:124:A,VAL:241:A,SER:242:A,SER:243:A,LEU:244:A,GLN:246:A,LEU:247:A,HIS:250:A,VAL:270:A,TYR:271:A,PRO:272:A,LYS:273:A,TYR:274:A,PHE:275:A,SER:276:A,PHE:306:A"
PahS,benzo_a_pyrene,C2,-9.2,kcal/mol,1,2185,72.778,59.167,67.174,26,19,35,"LYS:66:A,ALA:67:A,ILE:68:A,PRO:69:A,ARG:84:A,ASN:86:A,GLU:87:A,PRO:88:A,VAL:120:A,ASP:121:A,SER:123:A,ASN:124:A,LEU:125:A,ILE:127:A,MET:128:A,ARG:181:A,ILE:202:A,ASP:204:A,ASP:212:A,SER:214:A,HIS:216:A,LYS:244:A"
PahS,fluoranthene,C3,-8.5,kcal/mol,2,2109,84.354,73.634,55.282,18,31,25,"ARG:1:A,LYS:2:A,PHE:6:A,ILE:10:A,PHE:16:A,ASN:29:A,THR:30:A,GLU:31:A,ILE:32:A,PRO:33:A,ILE:34:A,ALA:42:A,GLN:43:A,PRO:44:A,GLN:45:A,THR:46:A,GLU:47:A,ARG:343:A,ASN:385:A,LEU:413:A,THR:415:A,PRO:416:A,SER:417:A,GLN:418:A,SER:419:A,HIS:478:A,LEU:480:A,PHE:482:A,THR:487:A"
PahS,anthracene,C3,-7.9,kcal/mol,3,2109,84.354,73.634,55.282,18,31,25,"ARG:1:A,PHE:6:A,PHE:27:A,ASN:29:A,THR:30:A,GLU:31:A,ILE:32:A,PRO:33:A,PRO:44:A,GLN:45:A,THR:46:A,GLU:47:A,LEU:480:A,PHE:481:A,PHE:482:A,ASN:484:A,ALA:485:A,LEU:486:A,THR:487:A"
PahS,pyrene,C2,-7.9,kcal/mol,3,2185,72.778,59.167,67.174,26,18,35,"LYS:66:A,ALA:67:A,ILE:68:A,PRO:69:A,ARG:84:A,ASN:86:A,PRO:88:A,ASP:121:A,ASN:124:A,LEU:125:A,ILE:127:A,MET:128:A,ARG:181:A,ILE:202:A,ASP:204:A,ASP:212:A,SER:214:A,HIS:216:A,LYS:244:A"
PahS,phenanthrene,C2,-7.5,kcal/mol,5,2185,72.778,59.167,67.174,26,18,35,"ASN:23:A,ARG:57:A,GLN:58:A,LEU:59:A,LYS:61:A,LEU:62:A,SER:63:A,LYS:66:A,ALA:67:A,ILE:68:A,PRO:69:A,GLU:70:A,LEU:71:A,PHE:72:A,ARG:73:A,LEU:74:A,ARG:84:A,ASN:86:A,PRO:88:A,ASP:121:A,SER:123:A,ASN:124:A,LEU:125:A,ILE:127:A,MET:128:A,GLU:130:A,GLN:169:A,ARG:181:A,ILE:202:A,ASP:204:A,TYR:207:A,ASP:212:A,SER:214:A,HIS:216:A,LYS:244:A,LEU:590:A,SER:602:A,ALA:604:A,ARG:625:A,ASP:627:A,ASN:629:A,GLN:649:A,THR:673:A"
PahS,naphthalene,C3,-6.1,kcal/mol,6,2109,84.354,73.634,55.282,16,31,25,"ARG:1:A,PHE:6:A,ILE:10:A,PHE:16:A,ASN:29:A,THR:30:A,GLU:31:A,ILE:32:A,PRO:33:A,ILE:34:A,ALA:42:A,GLN:43:A,PRO:44:A,GLN:45:A,THR:46:A,ARG:343:A,LEU:480:A,PHE:481:A,PHE:482:A,ASN:484:A,ALA:485:A,LEU:486:A,THR:487:A"
PahS,glucose_NEGCTRL,C2,-6.0,kcal/mol,7,2185,72.778,59.167,67.174,26,17,35,"ALA:65:A,LYS:66:A,ALA:67:A,ILE:68:A,PRO:69:A,ARG:84:A,ASN:86:A,GLU:87:A,PRO:88:A,ASP:121:A,TRP:122:A,ASN:124:A,LEU:125:A,PRO:126:A,ILE:127:A,MET:128:A,MET:129:A,ILE:132:A,TYR:179:A,ARG:181:A,ILE:202:A,ASP:204:A,ASN:205:A,TYR:207:A,ASP:212:A,ASP:213:A,SER:214:A,ARG:215:A,HIS:216:A,THR:242:A,LYS:244:A,LEU:664:A"
